dram,workload,scheme,seed,cycles,read_latency_ns,throughput_mbps,slowdown,overhead_pct,hit_rate_pct,throttled_events,detection_rate_pct,false_positive_rate_pct
DDR4-3200,Benign,Baseline,12345,2000000,54.52,22508.1,1.0,0.0,74.2,0,0.0,0.0
DDR4-3200,Benign,Baseline,12346,2000000,53.97,22280.74,1.0,0.42,74.2,0,0.0,0.0
DDR4-3200,Benign,BlockHammer,12345,2014098,55.23,22149.94,1.02,1.0,74.2,14,100.0,0.021
DDR4-3200,Benign,BlockHammer,12346,2014098,55.78,22368.18,1.02,0.03,74.2,14,100.0,0.021
DDR4-3200,Benign,Q-Shield,12345,2000000,54.09,22330.07,1.0,0.2,74.2,0,100.0,0.0
DDR4-3200,Benign,Q-Shield,12346,1999999,53.88,22241.56,1.0,0.59,74.2,0,100.0,0.0
DDR4-3200,RowHammer,Baseline,12345,2000000,54.38,11285.06,1.0,0.0,52.8,0,0.0,0.0
DDR4-3200,RowHammer,Baseline,12346,2000000,54.59,11330.54,1.0,0.0,52.8,0,0.0,0.0
DDR4-3200,RowHammer,BlockHammer,12345,14285714,1585.97,1562.95,29.26,0.0,52.8,12356,99.8,0.0
DDR4-3200,RowHammer,BlockHammer,12346,14285714,1604.56,1581.27,29.6,0.0,52.8,12501,99.8,0.0
DDR4-3200,RowHammer,Q-Shield,12345,2000000,55.13,11315.91,1.01,0.0,52.8,11920,100.0,0.0
DDR4-3200,RowHammer,Q-Shield,12346,2000000,54.4,11165.94,1.01,0.0,52.8,11762,100.0,0.0
DDR4-3200,Mixed,Baseline,12345,2000000,54.16,14857.2,1.0,0.0,52.8,0,0.0,0.0
DDR4-3200,Mixed,Baseline,12346,2000000,54.06,14829.59,1.0,0.0,52.8,0,0.0,0.0
DDR4-3200,Mixed,BlockHammer,12345,49999999,1601.64,596.05,29.55,0.0,52.8,12478,99.8,0.0
DDR4-3200,Mixed,BlockHammer,12346,50000000,1596.21,594.03,29.45,0.0,52.8,12436,99.8,0.0
DDR4-3200,Mixed,Q-Shield,12345,2000000,55.07,14941.82,1.01,0.0,52.8,11909,100.0,0.0
DDR4-3200,Mixed,Q-Shield,12346,2000000,55.2,14976.55,1.01,0.0,52.8,11937,100.0,0.0
DDR4-3200,Blacksmith,Baseline,12345,2000000,53.94,10791.07,1.0,0.0,52.8,0,0.0,0.0
DDR4-3200,Blacksmith,Baseline,12346,2000000,54.1,10822.5,1.0,0.0,52.8,0,0.0,0.0
DDR4-3200,Blacksmith,BlockHammer,12345,14285714,1605.98,1525.48,29.63,0.0,52.8,12512,99.8,0.0
DDR4-3200,Blacksmith,BlockHammer,12346,14285714,1597.77,1517.68,29.48,0.0,52.8,12448,99.8,0.0
DDR4-3200,Blacksmith,Q-Shield,12345,2000000,54.99,10880.62,1.01,0.0,52.8,11892,100.0,0.0
DDR4-3200,Blacksmith,Q-Shield,12346,2000000,54.77,10836.58,1.01,0.0,52.8,11843,100.0,0.0
DDR4-3200,RowPress,Baseline,12345,2000000,54.61,12241.25,1.0,0.0,52.8,0,0.0,0.0
DDR4-3200,RowPress,Baseline,12346,2000000,53.98,12101.68,1.0,0.0,52.8,0,0.0,0.0
DDR4-3200,RowPress,BlockHammer,12345,14285714,1592.63,1695.28,29.38,0.0,52.8,12408,99.8,0.0
DDR4-3200,RowPress,BlockHammer,12346,14285714,1593.0,1695.68,29.39,0.0,52.8,12411,99.8,0.0
DDR4-3200,RowPress,Q-Shield,12345,2000000,54.79,12147.74,1.01,0.0,52.8,11847,100.0,0.0
DDR4-3200,RowPress,Q-Shield,12346,2000000,54.6,12106.7,1.01,0.0,52.8,11807,100.0,0.0
DDR4-3200,MultiTenant,Baseline,12345,2000000,54.21,13952.16,1.0,0.0,52.8,0,0.0,0.0
DDR4-3200,MultiTenant,Baseline,12346,2000000,54.27,13966.99,1.0,0.0,52.8,0,0.0,0.0
DDR4-3200,MultiTenant,BlockHammer,12345,50000000,1606.96,561.13,29.65,0.0,52.8,12519,99.8,0.0
DDR4-3200,MultiTenant,BlockHammer,12346,50000000,1586.76,554.07,29.28,0.0,52.8,12362,99.8,0.0
DDR4-3200,MultiTenant,Q-Shield,12345,2000000,54.95,13989.42,1.01,0.0,52.8,11883,100.0,0.0
DDR4-3200,MultiTenant,Q-Shield,12346,2000000,54.45,13860.93,1.01,0.0,52.8,11774,100.0,0.0
DDR5-4800,Benign,Baseline,12345,2000000,54.32,15717.91,1.0,0.0,74.2,0,0.0,0.0
DDR5-4800,Benign,Baseline,12346,2000000,54.61,15804.52,1.0,0.0,74.2,0,0.0,0.0
DDR5-4800,Benign,BlockHammer,12345,2014098,55.72,15664.76,1.02,0.13,74.2,14,100.0,0.021
DDR5-4800,Benign,BlockHammer,12346,2014098,55.3,15547.51,1.02,0.87,74.2,14,100.0,0.021
DDR5-4800,Benign,PRAC,12345,2030456,56.41,15535.85,1.03,0.95,74.2,0,100.0,0.0
DDR5-4800,Benign,PRAC,12346,2030456,55.9,15394.35,1.03,1.85,74.2,0,100.0,0.0
DDR5-4800,Benign,Q-Shield,12345,2000000,54.33,15723.36,1.0,0.0,74.2,0,100.0,0.0
DDR5-4800,Benign,Q-Shield,12346,2000000,54.32,15719.92,1.0,0.0,74.2,0,100.0,0.0
DDR5-4800,RowHammer,Baseline,12345,2000000,54.18,10661.85,1.0,0.0,52.8,0,0.0,0.0
DDR5-4800,RowHammer,Baseline,12346,2000000,53.94,10615.14,1.0,0.0,52.8,0,0.0,0.0
DDR5-4800,RowHammer,BlockHammer,12345,14285714,1607.92,1502.57,29.67,0.0,52.8,12527,99.8,0.0
DDR5-4800,RowHammer,BlockHammer,12346,14285714,1602.05,1497.08,29.56,0.0,52.8,12481,99.8,0.0
DDR5-4800,RowHammer,PRAC,12345,2272727,75.9,9312.62,1.41,0.0,52.8,8135,100.0,0.0
DDR5-4800,RowHammer,PRAC,12346,2272727,76.0,9325.32,1.41,0.0,52.8,8146,100.0,0.0
DDR5-4800,RowHammer,Q-Shield,12345,2000000,55.03,10710.47,1.01,0.0,52.8,11898,100.0,0.0
DDR5-4800,RowHammer,Q-Shield,12346,2000000,54.9,10686.46,1.01,0.0,52.8,11872,100.0,0.0
DDR5-4800,Mixed,Baseline,12345,2000000,54.4,12533.13,1.0,0.0,52.8,0,0.0,0.0
DDR5-4800,Mixed,Baseline,12346,2000000,54.22,12492.89,1.0,0.0,52.8,0,0.0,0.0
DDR5-4800,Mixed,BlockHammer,12345,49999999,1590.16,497.05,29.34,0.0,52.8,12388,99.8,0.0
DDR5-4800,Mixed,BlockHammer,12346,50000000,1592.2,497.69,29.38,0.0,52.8,12404,99.8,0.0
DDR5-4800,Mixed,PRAC,12345,2272727,76.32,10963.85,1.41,0.0,52.8,8181,100.0,0.0
DDR5-4800,Mixed,PRAC,12346,2272727,76.29,10958.49,1.41,0.0,52.8,8177,100.0,0.0
DDR5-4800,Mixed,Q-Shield,12345,2000000,55.08,12551.74,1.01,0.0,52.8,11910,100.0,0.0
DDR5-4800,Mixed,Q-Shield,12346,2000000,54.86,12501.84,1.01,0.0,52.8,11863,100.0,0.0
DDR5-4800,Blacksmith,Baseline,12345,2000000,53.93,10194.03,1.0,0.0,52.8,0,0.0,0.0
DDR5-4800,Blacksmith,Baseline,12346,2000000,53.97,10201.67,1.0,0.0,52.8,0,0.0,0.0
DDR5-4800,Blacksmith,BlockHammer,12345,14285714,1602.53,1438.37,29.57,0.0,52.8,12485,99.8,0.0
DDR5-4800,Blacksmith,BlockHammer,12346,14285714,1602.45,1438.29,29.57,0.0,52.8,12484,99.8,0.0
DDR5-4800,Blacksmith,PRAC,12345,2272727,76.66,9034.22,1.41,0.0,52.8,8216,100.0,0.0
DDR5-4800,Blacksmith,PRAC,12346,2272727,76.43,9007.48,1.41,0.0,52.8,8192,100.0,0.0
DDR5-4800,Blacksmith,Q-Shield,12345,2000000,54.66,10218.64,1.01,0.0,52.8,11819,100.0,0.0
DDR5-4800,Blacksmith,Q-Shield,12346,2000000,54.51,10190.05,1.01,0.0,52.8,11786,100.0,0.0
DDR5-4800,RowPress,Baseline,12345,2000000,54.27,11434.07,1.0,0.0,52.8,0,0.0,0.0
DDR5-4800,RowPress,Baseline,12346,2000000,54.21,11422.16,1.0,0.0,52.8,0,0.0,0.0
DDR5-4800,RowPress,BlockHammer,12345,14285714,1588.64,1589.43,29.31,0.0,52.8,12377,99.8,0.0
DDR5-4800,RowPress,BlockHammer,12346,14285714,1587.73,1588.53,29.29,0.0,52.8,12369,99.8,0.0
DDR5-4800,RowPress,PRAC,12345,2272727,76.01,9984.91,1.41,0.0,52.8,8147,100.0,0.0
DDR5-4800,RowPress,PRAC,12346,2272727,76.21,10011.54,1.41,0.0,52.8,8168,100.0,0.0
DDR5-4800,RowPress,Q-Shield,12345,2000000,55.16,11495.13,1.01,0.0,52.8,11927,100.0,0.0
DDR5-4800,RowPress,Q-Shield,12346,2000000,55.22,11508.53,1.01,0.0,52.8,11941,100.0,0.0
DDR5-4800,MultiTenant,Baseline,12345,2000000,54.39,12895.99,1.0,0.0,52.8,0,0.0,0.0
DDR5-4800,MultiTenant,Baseline,12346,2000000,53.82,12759.87,1.0,0.0,52.8,0,0.0,0.0
DDR5-4800,MultiTenant,BlockHammer,12345,50000000,1605.17,516.31,29.62,0.0,52.8,12505,99.8,0.0
DDR5-4800,MultiTenant,BlockHammer,12346,49999999,1605.02,516.26,29.61,0.0,52.8,12504,99.8,0.0
DDR5-4800,MultiTenant,PRAC,12345,2272727,75.94,11224.98,1.41,0.0,52.8,8139,100.0,0.0
DDR5-4800,MultiTenant,PRAC,12346,2272727,76.8,11352.21,1.41,0.0,52.8,8232,100.0,0.0
DDR5-4800,MultiTenant,Q-Shield,12345,2000000,54.41,12757.4,1.01,0.0,52.8,11764,100.0,0.0
DDR5-4800,MultiTenant,Q-Shield,12346,2000000,54.81,12851.29,1.01,0.0,52.8,11851,100.0,0.0
DDR5-5600,Benign,Baseline,12345,2000000,54.46,17725.98,1.0,0.0,74.2,0,0.0,0.0
DDR5-5600,Benign,Baseline,12346,1999999,53.95,17558.3,1.0,0.47,74.2,0,0.0,0.0
DDR5-5600,Benign,BlockHammer,12345,2014098,55.17,17445.43,1.02,1.11,74.2,14,100.0,0.021
DDR5-5600,Benign,BlockHammer,12346,2014098,55.13,17432.22,1.02,1.18,74.2,14,100.0,0.021
DDR5-5600,Benign,PRAC,12345,2030456,56.35,17453.11,1.03,1.06,74.2,0,100.0,0.0
DDR5-5600,Benign,PRAC,12346,2030456,56.18,17401.86,1.03,1.35,74.2,0,100.0,0.0
DDR5-5600,Benign,Q-Shield,12345,2000000,54.09,17603.95,1.0,0.21,74.2,0,100.0,0.0
DDR5-5600,Benign,Q-Shield,12346,2000000,54.44,17719.43,1.0,0.0,74.2,0,100.0,0.0
DDR5-5600,RowHammer,Baseline,12345,2000000,53.88,10604.04,1.0,0.0,52.8,0,0.0,0.0
DDR5-5600,RowHammer,Baseline,12346,2000000,53.92,10611.87,1.0,0.0,52.8,0,0.0,0.0
DDR5-5600,RowHammer,BlockHammer,12345,14285714,1604.21,1499.06,29.6,0.0,52.8,12498,99.8,0.0
DDR5-5600,RowHammer,BlockHammer,12346,14285714,1593.81,1489.34,29.41,0.0,52.8,12417,99.8,0.0
DDR5-5600,RowHammer,PRAC,12345,2272727,76.01,9326.23,1.41,0.0,52.8,8147,100.0,0.0
DDR5-5600,RowHammer,PRAC,12346,2272727,75.89,9311.85,1.41,0.0,52.8,8135,100.0,0.0
DDR5-5600,RowHammer,Q-Shield,12345,2000000,55.0,10705.91,1.01,0.0,52.8,11894,100.0,0.0
DDR5-5600,RowHammer,Q-Shield,12346,2000000,54.63,10633.67,1.01,0.0,52.8,11813,100.0,0.0
DDR5-5600,Mixed,Baseline,12345,2000000,54.63,13676.41,1.0,0.0,52.8,0,0.0,0.0
DDR5-5600,Mixed,Baseline,12346,2000000,54.19,13566.74,1.0,0.0,52.8,0,0.0,0.0
DDR5-5600,Mixed,BlockHammer,12345,50000000,1589.9,539.99,29.33,0.0,52.8,12386,99.8,0.0
DDR5-5600,Mixed,BlockHammer,12346,49999999,1589.5,539.86,29.33,0.0,52.8,12383,99.8,0.0
DDR5-5600,Mixed,PRAC,12345,2272727,76.07,11873.43,1.41,0.0,52.8,8154,100.0,0.0
DDR5-5600,Mixed,PRAC,12346,2272727,76.95,12010.65,1.41,0.0,52.8,8248,100.0,0.0
DDR5-5600,Mixed,Q-Shield,12345,2000000,55.12,13649.01,1.01,0.0,52.8,11920,100.0,0.0
DDR5-5600,Mixed,Q-Shield,12346,2000000,54.78,13564.26,1.01,0.0,52.8,11846,100.0,0.0
DDR5-5600,Blacksmith,Baseline,12345,2000000,54.31,11002.07,1.0,0.0,52.8,0,0.0,0.0
DDR5-5600,Blacksmith,Baseline,12346,2000000,54.63,11066.94,1.0,0.0,52.8,0,0.0,0.0
DDR5-5600,Blacksmith,BlockHammer,12345,14285714,1598.08,1537.28,29.48,0.0,52.8,12450,99.8,0.0
DDR5-5600,Blacksmith,BlockHammer,12346,14285714,1593.66,1533.03,29.4,0.0,52.8,12416,99.8,0.0
DDR5-5600,Blacksmith,PRAC,12345,2272727,76.55,9669.26,1.41,0.0,52.8,8205,100.0,0.0
DDR5-5600,Blacksmith,PRAC,12346,2272727,75.96,9593.73,1.41,0.0,52.8,8141,100.0,0.0
DDR5-5600,Blacksmith,Q-Shield,12345,2000000,54.83,10986.57,1.01,0.0,52.8,11857,100.0,0.0
DDR5-5600,Blacksmith,Q-Shield,12346,2000000,55.14,11047.22,1.01,0.0,52.8,11922,100.0,0.0
DDR5-5600,RowPress,Baseline,12345,2000000,54.04,12144.36,1.0,0.0,52.8,0,0.0,0.0
DDR5-5600,RowPress,Baseline,12346,2000000,54.54,12257.09,1.0,0.0,52.8,0,0.0,0.0
DDR5-5600,RowPress,BlockHammer,12345,14285714,1607.6,1715.44,29.66,0.0,52.8,12524,99.8,0.0
DDR5-5600,RowPress,BlockHammer,12346,14285714,1609.62,1717.6,29.7,0.0,52.8,12540,99.8,0.0
DDR5-5600,RowPress,PRAC,12345,2272727,76.46,10713.34,1.41,0.0,52.8,8196,100.0,0.0
DDR5-5600,RowPress,PRAC,12346,2272727,76.94,10779.7,1.41,0.0,52.8,8246,100.0,0.0
DDR5-5600,RowPress,Q-Shield,12345,2000000,55.21,12271.49,1.01,0.0,52.8,11939,100.0,0.0
DDR5-5600,RowPress,Q-Shield,12346,2000000,54.55,12124.61,1.01,0.0,52.8,11796,100.0,0.0
DDR5-5600,MultiTenant,Baseline,12345,2000000,54.04,13878.4,1.0,0.0,52.8,0,0.0,0.0
DDR5-5600,MultiTenant,Baseline,12346,2000000,53.94,13854.44,1.0,0.0,52.8,0,0.0,0.0
DDR5-5600,MultiTenant,BlockHammer,12345,49999999,1586.96,552.95,29.28,0.0,52.8,12364,99.8,0.0
DDR5-5600,MultiTenant,BlockHammer,12346,49999999,1602.39,558.33,29.56,0.0,52.8,12484,99.8,0.0
DDR5-5600,MultiTenant,PRAC,12345,2272727,76.17,12196.5,1.41,0.0,52.8,8164,100.0,0.0
DDR5-5600,MultiTenant,PRAC,12346,2272727,76.15,12194.29,1.41,0.0,52.8,8162,100.0,0.0
DDR5-5600,MultiTenant,Q-Shield,12345,2000000,54.98,13964.75,1.01,0.0,52.8,11888,100.0,0.0
DDR5-5600,MultiTenant,Q-Shield,12346,2000000,54.81,13922.41,1.01,0.0,52.8,11852,100.0,0.0
DDR5-6000,Benign,Baseline,12345,2000000,54.06,18196.81,1.0,0.26,74.2,0,0.0,0.0
DDR5-6000,Benign,Baseline,12346,2000000,54.61,18383.21,1.0,0.0,74.2,0,0.0,0.0
DDR5-6000,Benign,BlockHammer,12345,2014098,55.11,18022.66,1.02,1.22,74.2,14,100.0,0.021
DDR5-6000,Benign,BlockHammer,12346,2014098,55.02,17992.55,1.02,1.38,74.2,14,100.0,0.021
DDR5-6000,Benign,PRAC,12345,2030456,56.55,18115.14,1.03,0.71,74.2,0,100.0,0.0
DDR5-6000,Benign,PRAC,12346,2030456,56.46,18086.57,1.03,0.87,74.2,0,100.0,0.0
DDR5-6000,Benign,Q-Shield,12345,2000000,53.86,18131.35,1.0,0.62,74.2,0,100.0,0.0
DDR5-6000,Benign,Q-Shield,12346,2000000,54.02,18185.82,1.0,0.32,74.2,0,100.0,0.0
DDR5-6000,RowHammer,Baseline,12345,1999999,54.08,10998.88,1.0,0.0,52.8,0,0.0,0.0
DDR5-6000,RowHammer,Baseline,12346,2000000,54.31,11045.82,1.0,0.0,52.8,0,0.0,0.0
DDR5-6000,RowHammer,BlockHammer,12345,14285714,1590.86,1536.51,29.35,0.0,52.8,12394,99.8,0.0
DDR5-6000,RowHammer,BlockHammer,12346,14285714,1588.81,1534.53,29.31,0.0,52.8,12378,99.8,0.0
DDR5-6000,RowHammer,PRAC,12345,2272727,77.09,9776.5,1.41,0.0,52.8,8263,100.0,0.0
DDR5-6000,RowHammer,PRAC,12346,2272727,76.04,9643.13,1.41,0.0,52.8,8150,100.0,0.0
DDR5-6000,RowHammer,Q-Shield,12345,1999999,54.54,10971.42,1.01,0.0,52.8,11793,100.0,0.0
DDR5-6000,RowHammer,Q-Shield,12346,2000000,54.87,11038.74,1.01,0.0,52.8,11865,100.0,0.0
DDR5-6000,Mixed,Baseline,12345,2000000,53.87,14175.59,1.0,0.0,52.8,0,0.0,0.0
DDR5-6000,Mixed,Baseline,12346,2000000,54.53,14349.79,1.0,0.0,52.8,0,0.0,0.0
DDR5-6000,Mixed,BlockHammer,12345,50000000,1610.38,574.95,29.71,0.0,52.8,12546,99.8,0.0
DDR5-6000,Mixed,BlockHammer,12346,50000000,1599.48,571.06,29.51,0.0,52.8,12461,99.8,0.0
DDR5-6000,Mixed,PRAC,12345,2272727,76.42,12539.21,1.41,0.0,52.8,8191,100.0,0.0
DDR5-6000,Mixed,PRAC,12346,2272727,77.05,12641.16,1.41,0.0,52.8,8258,100.0,0.0
DDR5-6000,Mixed,Q-Shield,12345,2000000,54.46,14173.52,1.01,0.0,52.8,11775,100.0,0.0
DDR5-6000,Mixed,Q-Shield,12346,2000000,54.7,14235.96,1.01,0.0,52.8,11827,100.0,0.0
DDR5-6000,Blacksmith,Baseline,12345,2000000,54.6,11533.81,1.0,0.0,52.8,0,0.0,0.0
DDR5-6000,Blacksmith,Baseline,12346,2000000,53.8,11364.59,1.0,0.0,52.8,0,0.0,0.0
DDR5-6000,Blacksmith,BlockHammer,12345,14285714,1603.73,1608.74,29.59,0.0,52.8,12494,99.8,0.0
DDR5-6000,Blacksmith,BlockHammer,12346,14285714,1601.28,1606.29,29.54,0.0,52.8,12475,99.8,0.0
DDR5-6000,Blacksmith,PRAC,12345,2272727,76.11,10024.03,1.41,0.0,52.8,8157,100.0,0.0
DDR5-6000,Blacksmith,PRAC,12346,2272727,77.09,10153.83,1.41,0.0,52.8,8263,100.0,0.0
DDR5-6000,Blacksmith,Q-Shield,12345,2000000,54.48,11382.31,1.01,0.0,52.8,11779,100.0,0.0
DDR5-6000,Blacksmith,Q-Shield,12346,2000000,55.23,11539.54,1.01,0.0,52.8,11942,100.0,0.0
DDR5-6000,RowPress,Baseline,12345,2000000,53.85,12757.72,1.0,0.0,52.8,0,0.0,0.0
DDR5-6000,RowPress,Baseline,12346,2000000,54.13,12824.24,1.0,0.0,52.8,0,0.0,0.0
DDR5-6000,RowPress,BlockHammer,12345,14285714,1589.15,1787.65,29.32,0.0,52.8,12381,99.8,0.0
DDR5-6000,RowPress,BlockHammer,12346,14285714,1587.49,1785.78,29.29,0.0,52.8,12368,99.8,0.0
DDR5-6000,RowPress,PRAC,12345,2272727,75.92,11213.06,1.41,0.0,52.8,8137,100.0,0.0
DDR5-6000,RowPress,PRAC,12346,2272727,76.42,11287.6,1.41,0.0,52.8,8191,100.0,0.0
DDR5-6000,RowPress,Q-Shield,12345,2000000,54.67,12808.63,1.01,0.0,52.8,11821,100.0,0.0
DDR5-6000,RowPress,Q-Shield,12346,1999999,54.58,12788.85,1.01,0.0,52.8,11802,100.0,0.0
DDR5-6000,MultiTenant,Baseline,12345,2000000,54.14,14594.48,1.0,0.0,52.8,0,0.0,0.0
DDR5-6000,MultiTenant,Baseline,12346,2000000,54.49,14687.97,1.0,0.0,52.8,0,0.0,0.0
DDR5-6000,MultiTenant,BlockHammer,12345,49999999,1604.75,586.87,29.61,0.0,52.8,12502,99.8,0.0
DDR5-6000,MultiTenant,BlockHammer,12346,50000000,1603.97,586.58,29.59,0.0,52.8,12496,99.8,0.0
DDR5-6000,MultiTenant,PRAC,12345,2272727,76.55,12864.82,1.41,0.0,52.8,8205,100.0,0.0
DDR5-6000,MultiTenant,PRAC,12346,2272727,76.07,12784.37,1.41,0.0,52.8,8153,100.0,0.0
DDR5-6000,MultiTenant,Q-Shield,12345,2000000,54.42,14508.76,1.01,0.0,52.8,11767,100.0,0.0
DDR5-6000,MultiTenant,Q-Shield,12346,2000000,54.8,14610.89,1.01,0.0,52.8,11850,100.0,0.0
