cycles,read_latency_ns,throughput_mbps,note,dram,workload,channels,subchannels,speedup,efficiency_pct
22673,154.56,22374.17,CacheLine Interleave,DDR4-3200,Benign,1,1,1.0,100.0
11011,130.52,45392.28,CacheLine Interleave,DDR4-3200,Benign,2,2,2.03,101.4
7474,150.79,66979.64,Modulo-3 Interleave,DDR4-3200,Benign,3,3,2.99,99.8
5703,94.34,86742.84,CacheLine Interleave,DDR4-3200,Benign,4,4,3.88,96.9
4539,148.91,108921.35,Modulo-5 Interleave,DDR4-3200,Benign,5,5,4.87,97.4
3854,147.58,131614.25,Modulo-6 Interleave,DDR4-3200,Benign,6,6,5.88,98.0
3340,147.0,151408.88,Modulo-7 Interleave,DDR4-3200,Benign,7,7,6.77,96.7
4999,47.03,99511.74,CacheLine Interleave,DDR4-3200,Benign,8,8,4.45,55.6
45337,197.94,11220.93,CacheLine Interleave,DDR4-3200,RowHammer,1,1,1.0,100.0
20368,179.72,24815.71,CacheLine Interleave,DDR4-3200,RowHammer,2,2,2.21,110.6
16769,196.16,33623.23,Modulo-3 Interleave,DDR4-3200,RowHammer,3,3,3.0,99.9
9762,172.2,51105.59,CacheLine Interleave,DDR4-3200,RowHammer,4,4,4.55,113.9
10671,187.09,58459.72,Modulo-5 Interleave,DDR4-3200,RowHammer,5,5,5.21,104.2
7263,172.25,76613.51,Modulo-6 Interleave,DDR4-3200,RowHammer,6,6,6.83,113.8
7839,182.79,82157.88,Modulo-7 Interleave,DDR4-3200,RowHammer,7,7,7.32,104.6
4999,30.47,101949.35,CacheLine Interleave,DDR4-3200,RowHammer,8,8,9.09,113.6
34603,180.21,14657.32,CacheLine Interleave,DDR4-3200,Mixed,1,1,1.0,100.0
17035,134.67,29683.08,CacheLine Interleave,DDR4-3200,Mixed,2,2,2.03,101.3
11023,170.83,45685.84,Modulo-3 Interleave,DDR4-3200,Mixed,3,3,3.12,103.9
8734,124.29,56569.73,CacheLine Interleave,DDR4-3200,Mixed,4,4,3.86,96.5
6533,164.72,77417.18,Modulo-5 Interleave,DDR4-3200,Mixed,5,5,5.28,105.6
5922,163.5,92744.4,Modulo-6 Interleave,DDR4-3200,Mixed,6,6,6.33,105.5
4922,161.57,108155.55,Modulo-7 Interleave,DDR4-3200,Mixed,7,7,7.38,105.4
4999,42.9,100290.14,CacheLine Interleave,DDR4-3200,Mixed,8,8,6.84,85.5
48485,208.02,15684.47,CacheLine Interleave,DDR5-4800,Benign,1,2,1.0,100.0
22197,214.35,33712.11,CacheLine Interleave,DDR5-4800,Benign,2,4,2.15,107.5
15651,208.49,47900.23,Modulo-3 Interleave,DDR5-4800,Benign,3,6,3.05,101.8
10947,178.49,66670.88,CacheLine Interleave,DDR5-4800,Benign,4,8,4.25,106.3
8949,196.04,84076.55,Modulo-5 Interleave,DDR5-4800,Benign,5,10,5.36,107.2
7487,193.36,101002.52,Modulo-6 Interleave,DDR5-4800,Benign,6,12,6.44,107.3
6581,195.17,116144.87,Modulo-7 Interleave,DDR5-4800,Benign,7,14,7.41,105.8
5270,101.48,137206.25,CacheLine Interleave,DDR5-4800,Benign,8,16,8.75,109.3
71656,211.89,10666.35,CacheLine Interleave,DDR5-4800,RowHammer,1,2,1.0,100.0
32021,191.55,23715.21,CacheLine Interleave,DDR5-4800,RowHammer,2,4,2.22,111.2
26164,207.79,32240.93,Modulo-3 Interleave,DDR5-4800,RowHammer,3,6,3.02,100.8
15439,185.52,48548.38,CacheLine Interleave,DDR5-4800,RowHammer,4,8,4.55,113.8
17032,200.48,56102.14,Modulo-5 Interleave,DDR5-4800,RowHammer,5,10,5.26,105.2
11692,184.99,73224.15,Modulo-6 Interleave,DDR5-4800,RowHammer,6,12,6.86,114.4
12784,195.59,79545.28,Modulo-7 Interleave,DDR5-4800,RowHammer,7,14,7.46,106.5
7151,168.28,102062.11,CacheLine Interleave,DDR5-4800,RowHammer,8,16,9.57,119.6
61021,211.83,12487.5,CacheLine Interleave,DDR5-4800,Mixed,1,2,1.0,100.0
31648,191.32,24014.16,CacheLine Interleave,DDR5-4800,Mixed,2,4,1.92,96.2
20478,204.52,37247.56,Modulo-3 Interleave,DDR5-4800,Mixed,3,6,2.98,99.4
15677,145.46,47566.01,CacheLine Interleave,DDR5-4800,Mixed,4,8,3.81,95.2
12251,200.05,63306.97,Modulo-5 Interleave,DDR5-4800,Mixed,5,10,5.07,101.4
10454,190.4,77319.06,Modulo-6 Interleave,DDR5-4800,Mixed,6,12,6.19,103.2
8017,183.43,95667.82,Modulo-7 Interleave,DDR5-4800,Mixed,7,14,7.66,109.4
5822,86.4,125782.84,CacheLine Interleave,DDR5-4800,Mixed,8,16,10.07,125.9
